variant_a,variant_b,mean_top4_jaccard,mean_rank_spearman
C1_REX3_CHRONOS25,C2_CURRENT4_CHRONOS50,0.7249999999999999,0.8821428571428572
C1_REX3_CHRONOS25,C3_REX3_CHRONOS20,0.9464285714285714,0.9869318181818182
C1_REX3_CHRONOS25,CHRONOS_STANDALONE,0.5681972789115645,0.647646103896104
C1_REX3_CHRONOS25,CURRENT4_CHRONOS20,0.8452380952380951,0.9460227272727273
C1_REX3_CHRONOS25,CURRENT4_RANK,0.7535714285714287,0.8995941558441559
C1_REX3_CHRONOS25,ELASTICNET_STANDALONE,0.7666666666666665,0.8772727272727273
C1_REX3_CHRONOS25,RANDOMFOREST_STANDALONE,0.47202380952380946,0.42240259740259745
C1_REX3_CHRONOS25,REX3_CHRONOS10,0.8999999999999998,0.9647727272727273
C1_REX3_CHRONOS25,REX3_CHRONOS33,0.9142857142857144,0.9801136363636364
C1_REX3_CHRONOS25,REX3_CHRONOS50,0.7416666666666666,0.9091720779220781
C1_REX3_CHRONOS25,REX3_RANK,0.8297619047619047,0.9349837662337662
C1_REX3_CHRONOS25,RIDGE_STANDALONE,0.7499999999999999,0.8718344155844157
C1_REX3_CHRONOS25,XGBOOST_STANDALONE,0.608503401360544,0.7108766233766234
C1_REX3_CHRONOS25,ZSPACE_REX3_CHRONOS20,0.9011904761904761,0.9642857142857143
C2_CURRENT4_CHRONOS50,C3_REX3_CHRONOS20,0.6857142857142856,0.8507305194805196
C2_CURRENT4_CHRONOS50,CHRONOS_STANDALONE,0.7785714285714285,0.8719967532467532
C2_CURRENT4_CHRONOS50,CURRENT4_CHRONOS20,0.7178571428571427,0.8707792207792208
C2_CURRENT4_CHRONOS50,CURRENT4_RANK,0.5930272108843536,0.7493506493506494
C2_CURRENT4_CHRONOS50,ELASTICNET_STANDALONE,0.5899659863945577,0.6838474025974026
C2_CURRENT4_CHRONOS50,RANDOMFOREST_STANDALONE,0.45178571428571423,0.4496753246753246
C2_CURRENT4_CHRONOS50,REX3_CHRONOS10,0.6571428571428571,0.800487012987013
C2_CURRENT4_CHRONOS50,REX3_CHRONOS33,0.7773809523809522,0.9204545454545455
C2_CURRENT4_CHRONOS50,REX3_CHRONOS50,0.9071428571428571,0.9729707792207792
C2_CURRENT4_CHRONOS50,REX3_RANK,0.6190476190476188,0.7466720779220779
C2_CURRENT4_CHRONOS50,RIDGE_STANDALONE,0.5709183673469387,0.6691558441558441
C2_CURRENT4_CHRONOS50,XGBOOST_STANDALONE,0.5727891156462583,0.6275162337662338
C2_CURRENT4_CHRONOS50,ZSPACE_REX3_CHRONOS20,0.7047619047619047,0.8542207792207793
C3_REX3_CHRONOS20,CHRONOS_STANDALONE,0.5396258503401359,0.5967532467532468
C3_REX3_CHRONOS20,CURRENT4_CHRONOS20,0.8547619047619046,0.947564935064935
C3_REX3_CHRONOS20,CURRENT4_RANK,0.7833333333333332,0.9162337662337663
C3_REX3_CHRONOS20,ELASTICNET_STANDALONE,0.770238095238095,0.8935876623376624
C3_REX3_CHRONOS20,RANDOMFOREST_STANDALONE,0.47329931972789113,0.4252435064935066
C3_REX3_CHRONOS20,REX3_CHRONOS10,0.9464285714285714,0.9814123376623377
C3_REX3_CHRONOS20,REX3_CHRONOS33,0.8619047619047618,0.9625811688311687
C3_REX3_CHRONOS20,REX3_CHRONOS50,0.6999999999999998,0.8804383116883118
C3_REX3_CHRONOS20,REX3_RANK,0.875,0.9568181818181819
C3_REX3_CHRONOS20,RIDGE_STANDALONE,0.7678571428571429,0.8926948051948054
C3_REX3_CHRONOS20,XGBOOST_STANDALONE,0.6156462585034014,0.7189935064935066
C3_REX3_CHRONOS20,ZSPACE_REX3_CHRONOS20,0.8785714285714287,0.9590909090909091
CHRONOS_STANDALONE,CURRENT4_CHRONOS20,0.555612244897959,0.6077922077922079
CHRONOS_STANDALONE,CURRENT4_RANK,0.4554421768707482,0.4273538961038962
CHRONOS_STANDALONE,ELASTICNET_STANDALONE,0.4729591836734693,0.3992694805194805
CHRONOS_STANDALONE,RANDOMFOREST_STANDALONE,0.3646258503401361,0.21217532467532468
CHRONOS_STANDALONE,REX3_CHRONOS10,0.5100340136054421,0.5189935064935065
CHRONOS_STANDALONE,REX3_CHRONOS33,0.6209183673469388,0.7181818181818181
CHRONOS_STANDALONE,REX3_CHRONOS50,0.7749999999999998,0.8581168831168833
CHRONOS_STANDALONE,REX3_RANK,0.476360544217687,0.4383116883116883
CHRONOS_STANDALONE,RIDGE_STANDALONE,0.4572278911564625,0.38352272727272735
CHRONOS_STANDALONE,XGBOOST_STANDALONE,0.4642006802721088,0.3745129870129871
CHRONOS_STANDALONE,ZSPACE_REX3_CHRONOS20,0.5551020408163263,0.6096590909090909
CURRENT4_CHRONOS20,CURRENT4_RANK,0.8178571428571428,0.9448863636363638
CURRENT4_CHRONOS20,ELASTICNET_STANDALONE,0.7035714285714285,0.8319805194805195
CURRENT4_CHRONOS20,RANDOMFOREST_STANDALONE,0.558843537414966,0.5962662337662338
CURRENT4_CHRONOS20,REX3_CHRONOS10,0.844047619047619,0.9353084415584416
CURRENT4_CHRONOS20,REX3_CHRONOS33,0.825,0.9346590909090909
CURRENT4_CHRONOS20,REX3_CHRONOS50,0.7142857142857142,0.8698863636363636
CURRENT4_CHRONOS20,REX3_RANK,0.8059523809523809,0.9143668831168831
CURRENT4_CHRONOS20,RIDGE_STANDALONE,0.7309523809523808,0.8288149350649352
CURRENT4_CHRONOS20,XGBOOST_STANDALONE,0.6447278911564626,0.751461038961039
CURRENT4_CHRONOS20,ZSPACE_REX3_CHRONOS20,0.8345238095238096,0.9368506493506494
CURRENT4_RANK,ELASTICNET_STANDALONE,0.6892857142857142,0.8498376623376623
CURRENT4_RANK,RANDOMFOREST_STANDALONE,0.5795068027210883,0.6339285714285715
CURRENT4_RANK,REX3_CHRONOS10,0.8047619047619047,0.9284902597402598
CURRENT4_RANK,REX3_CHRONOS33,0.7025510204081632,0.8641233766233766
CURRENT4_RANK,REX3_CHRONOS50,0.5901360544217686,0.75625
CURRENT4_RANK,REX3_RANK,0.807142857142857,0.9289772727272728
CURRENT4_RANK,RIDGE_STANDALONE,0.6952380952380951,0.8468344155844155
CURRENT4_RANK,XGBOOST_STANDALONE,0.6506802721088434,0.7637175324675326
CURRENT4_RANK,ZSPACE_REX3_CHRONOS20,0.7630952380952382,0.896185064935065
ELASTICNET_STANDALONE,RANDOMFOREST_STANDALONE,0.3975340136054421,0.32215909090909095
ELASTICNET_STANDALONE,REX3_CHRONOS10,0.788095238095238,0.9148538961038961
ELASTICNET_STANDALONE,REX3_CHRONOS33,0.7226190476190474,0.8402597402597404
ELASTICNET_STANDALONE,REX3_CHRONOS50,0.6078231292517006,0.7309253246753247
ELASTICNET_STANDALONE,REX3_RANK,0.8035714285714285,0.9261363636363639
ELASTICNET_STANDALONE,RIDGE_STANDALONE,0.8607142857142857,0.9393668831168832
ELASTICNET_STANDALONE,XGBOOST_STANDALONE,0.5068027210884353,0.49537337662337666
ELASTICNET_STANDALONE,ZSPACE_REX3_CHRONOS20,0.7547619047619047,0.8708603896103897
RANDOMFOREST_STANDALONE,REX3_CHRONOS10,0.4668367346938775,0.4211850649350649
RANDOMFOREST_STANDALONE,REX3_CHRONOS33,0.47389455782312917,0.40616883116883123
RANDOMFOREST_STANDALONE,REX3_CHRONOS50,0.4238095238095238,0.36241883116883117
RANDOMFOREST_STANDALONE,REX3_RANK,0.46403061224489794,0.41810064935064933
RANDOMFOREST_STANDALONE,RIDGE_STANDALONE,0.41267006802721085,0.3120941558441559
RANDOMFOREST_STANDALONE,XGBOOST_STANDALONE,0.519047619047619,0.5482142857142858
RANDOMFOREST_STANDALONE,ZSPACE_REX3_CHRONOS20,0.4827380952380952,0.4358766233766235
REX3_CHRONOS10,REX3_CHRONOS33,0.8166666666666665,0.9335227272727273
REX3_CHRONOS10,REX3_CHRONOS50,0.6678571428571427,0.8354707792207794
REX3_CHRONOS10,REX3_RANK,0.9249999999999999,0.9813311688311688
REX3_CHRONOS10,RIDGE_STANDALONE,0.7821428571428571,0.9159902597402597
REX3_CHRONOS10,XGBOOST_STANDALONE,0.6251700680272109,0.7169642857142858
REX3_CHRONOS10,ZSPACE_REX3_CHRONOS20,0.8642857142857144,0.949512987012987
REX3_CHRONOS33,REX3_CHRONOS50,0.8071428571428572,0.9465909090909091
REX3_CHRONOS33,REX3_RANK,0.7488095238095236,0.8978084415584416
REX3_CHRONOS33,RIDGE_STANDALONE,0.7059523809523809,0.832224025974026
REX3_CHRONOS33,XGBOOST_STANDALONE,0.6102040816326529,0.7001623376623377
REX3_CHRONOS33,ZSPACE_REX3_CHRONOS20,0.8619047619047618,0.9486201298701299
REX3_CHRONOS50,REX3_RANK,0.6256802721088436,0.7818181818181819
REX3_CHRONOS50,RIDGE_STANDALONE,0.5869047619047618,0.7164772727272728
REX3_CHRONOS50,XGBOOST_STANDALONE,0.5731292517006802,0.625974025974026
REX3_CHRONOS50,ZSPACE_REX3_CHRONOS20,0.7178571428571426,0.881818181818182
REX3_RANK,RIDGE_STANDALONE,0.8119047619047618,0.9272727272727274
REX3_RANK,XGBOOST_STANDALONE,0.6204081632653059,0.7076298701298701
REX3_RANK,ZSPACE_REX3_CHRONOS20,0.8321428571428571,0.92987012987013
RIDGE_STANDALONE,XGBOOST_STANDALONE,0.5209183673469386,0.4965097402597403
RIDGE_STANDALONE,ZSPACE_REX3_CHRONOS20,0.7488095238095237,0.8664772727272728
XGBOOST_STANDALONE,ZSPACE_REX3_CHRONOS20,0.6204081632653059,0.701542207792208
