signal_month,gross_log_contribution,cost_log_contribution,relative_log_wealth_contribution,current_entry_turnover,hybrid_entry_turnover,current_entry_cost,hybrid_entry_cost,gross_observations,execution_date,same_top4,incumbent_top4,hybrid_top4,leaving_incumbent,entering_hybrid,n_swaps,relative_wealth_multiplier,approx_relative_return_pp,positive_contribution
2017-03,0.0,0.0,0.0,0.0,0.0,0.0,0.0,1,2017-04-03,True,"IWM, QQQ, SPY, TLT","IWM, QQQ, SPY, TLT",,,0,1.0,0.0,False
2017-04,0.0,0.0,0.0,0.2565897121905141,0.2565897121905141,0.0005131794243810281,0.0005131794243810281,22,2017-05-01,True,"EWY, QQQ, SPY, TLT","EWY, QQQ, SPY, TLT",,,0,1.0,0.0,False
2017-05,0.015411648792412129,0.0,0.015411648792412129,0.26039260736807357,0.26039260736807357,0.0005207852147361471,0.0005207852147361471,22,2017-06-01,False,"GLD, QQQ, SPY, TLT","IWM, QQQ, SPY, TLT",GLD,IWM,1,1.015531020702587,1.553102070258694,True
2017-06,-0.004637596785343432,-7.498804914012817e-06,-0.004645095590257445,0.25496274854628614,0.25871022503656577,0.0005099254970925723,0.0005174204500731315,20,2017-07-03,False,"EWY, QQQ, SPY, TLT","EWY, IWM, QQQ, TLT",SPY,IWM,1,0.9953656761811738,-0.4634323818826225,False
2017-07,0.0,-0.0004941464998654176,-0.0004941464998654176,0.007962578570035225,0.25497085965742267,1.592515714007045e-05,0.0005099417193148453,23,2017-08-01,True,"EWY, QQQ, SPY, TLT","EWY, QQQ, SPY, TLT",,,0,0.9995059755704085,-0.04940244295914553,False
2017-08,0.0,0.0,0.0,0.0070414623777735885,0.0070414623777735885,1.4082924755547178e-05,1.4082924755547178e-05,20,2017-09-01,True,"EWY, QQQ, SPY, TLT","EWY, QQQ, SPY, TLT",,,0,1.0,0.0,False
2017-09,0.0,0.0,0.0,0.25098831948240047,0.25098831948240047,0.000501976638964801,0.000501976638964801,22,2017-10-02,True,"EWY, GLD, QQQ, SPY","EWY, GLD, QQQ, SPY",,,0,1.0,0.0,False
2017-10,0.00260668797193873,0.0004898883174012913,0.0030965762893400217,0.49999999999999994,0.25524083802603165,0.0009999999999999998,0.0005104816760520633,21,2017-11-01,False,"EWY, IWM, QQQ, TLT","EWY, IWM, QQQ, SPY",TLT,SPY,1,1.0031013756342653,0.3101375634265269,True
2017-11,0.003275284445846241,0.000498865496337275,0.0037741499421835153,0.2567856796757988,0.007418837937661835,0.0005135713593515976,1.483767587532367e-05,20,2017-12-01,False,"DBC, EWY, QQQ, TLT","EWY, IWM, QQQ, SPY","DBC, TLT","IWM, SPY",2,1.0037812810144997,0.37812810144997044,True
2017-12,0.016044508282517436,0.000504588919643685,0.016549097202161116,0.25681870076540647,0.004590198312207194,0.000513637401530813,9.18039662441439e-06,21,2018-01-02,False,"DBC, IWM, QQQ, TLT","EWY, IWM, QQQ, SPY","DBC, TLT","EWY, SPY",2,1.0166867920376592,1.6686792037659215,True
2018-01,0.0010149704392585384,0.0004831408464059234,0.001498111285664462,0.49999999999999994,0.2586128399173089,0.0009999999999999998,0.0005172256798346178,19,2018-02-01,False,"DBC, EEM, EWY, QQQ","DBC, EWY, IWM, QQQ",EEM,IWM,1,1.0014992340149644,0.14992340149644345,True
2018-02,0.0,0.0004993903814304615,0.0004993903814304615,0.5068969148133425,0.257392568691797,0.001013793829626685,0.000514785137383594,21,2018-03-01,True,"EWY, IWM, QQQ, SPY","EWY, IWM, QQQ, SPY",,,0,1.0004995150975668,0.04995150975668494,True
2018-03,0.0026792229797976816,9.469980801692698e-06,0.0026886929605993747,0.2641992218952317,0.25946671104758645,0.0005283984437904634,0.0005189334220951729,21,2018-04-02,False,"EEM, EWY, QQQ, SPY","EEM, EWY, IWM, QQQ",SPY,IWM,1,1.0026923107371544,0.26923107371543686,True
2018-04,0.01788269735808426,-1.3320922792045076e-06,0.01788136526580506,0.25119529865620094,0.2518610097370909,0.0005023905973124019,0.0005037220194741819,22,2018-05-01,False,"EWY, GLD, QQQ, SPY","EWY, IWM, QQQ, SPY",GLD,IWM,1,1.0180421940603541,1.8042194060354122,True
2018-05,0.0,0.0004911048231922119,0.0004911048231922119,0.2593863727955288,0.013901072524606276,0.0005187727455910576,2.7802145049212552e-05,21,2018-06-01,True,"EWY, IWM, QQQ, SPY","EWY, IWM, QQQ, SPY",,,0,1.0004912254349094,0.04912254349094258,True
2018-06,0.0,0.0,0.0,0.019385180217095496,0.019385180217095496,3.8770360434190994e-05,3.8770360434190994e-05,21,2018-07-02,True,"EWY, IWM, QQQ, SPY","EWY, IWM, QQQ, SPY",,,0,1.0,0.0,False
2018-07,-0.003981521813191648,0.0004951916216710926,-0.0034863301915205565,0.252480878242613,0.004948810977911736,0.000504961756485226,9.897621955823471e-06,23,2018-08-01,False,"IWM, QQQ, SPY, TLT","EWY, IWM, QQQ, SPY",TLT,EWY,1,0.9965197400013005,-0.34802599986994975,False
2018-08,0.0009128951939658279,0.0004862088463878905,0.0013991040403537175,0.2505064694088568,0.007464764950943378,0.0005010129388177136,1.4929529901886756e-05,19,2018-09-04,False,"EEM, IWM, QQQ, SPY","EWY, IWM, QQQ, SPY",EEM,EWY,1,1.0014000832430272,0.1400083243027206,True
2018-09,0.0,0.0004996907616721501,0.0004996907616721501,0.257774371366928,0.007995397077158448,0.000515548742733856,1.5990794154316897e-05,23,2018-10-01,True,"EWY, IWM, QQQ, SPY","EWY, IWM, QQQ, SPY",,,0,1.0004998156278981,0.049981562789813694,True
2018-10,0.0,0.0,0.0,0.010735660615450435,0.010735660615450435,2.147132123090087e-05,2.147132123090087e-05,21,2018-11-01,True,"EWY, IWM, QQQ, SPY","EWY, IWM, QQQ, SPY",,,0,1.0,0.0,False
2018-11,0.0,0.0,0.0,0.007688645032380065,0.007688645032380065,1.537729006476013e-05,1.537729006476013e-05,19,2018-12-03,True,"EWY, IWM, QQQ, SPY","EWY, IWM, QQQ, SPY",,,0,1.0,0.0,False
2018-12,-0.0029217604094222012,0.0004975997099928488,-0.0024241606994293524,0.5093346526818137,0.2607263938918456,0.0010186693053636274,0.0005214527877836912,21,2019-01-02,False,"EEM, IWM, QQQ, TLT","IWM, QQQ, SPY, TLT",EEM,SPY,1,0.9975787752052715,-0.24212247947285048,False
2019-01,0.013413346651044777,3.5520412434125086e-05,0.013448867063478902,0.26775101085047437,0.25,0.0005355020217009487,0.0005,19,2019-02-01,False,"IWM, QQQ, TLT, VNQ","IWM, QQQ, SPY, VNQ",TLT,SPY,1,1.0135397098635486,1.3539709863548577,True
2019-02,-0.0028213580167637028,0.0005003752919012354,-0.002320982724862466,0.5,0.25000000000000006,0.001,0.0005000000000000001,21,2019-03-01,False,"GLD, IWM, QQQ, SPY","EWY, IWM, QQQ, SPY",GLD,EWY,1,0.9976817086729102,-0.23182913270898275,False
2019-03,-0.004139956776461147,0.0004899816945936598,-0.003649975081867486,0.25771088633484385,0.012786313276304417,0.0005154217726696877,2.5572626552608836e-05,21,2019-04-01,False,"IWM, QQQ, SPY, TLT","EWY, IWM, QQQ, SPY",TLT,EWY,1,0.9963566779802165,-0.3643322019783457,False
2019-04,0.0,-0.0004886066887570856,-0.0004886066887570856,0.005815600886059327,0.2500564300126206,1.1631201772118656e-05,0.0005001128600252413,22,2019-05-01,True,"IWM, QQQ, SPY, TLT","IWM, QQQ, SPY, TLT",,,0,0.9995115126600521,-0.04884873399478851,False
2019-05,-0.012316866414865978,0.0005001535584809897,-0.01181671285638499,0.2785009151890532,0.028500915189053178,0.0005570018303781063,5.7001830378106355e-05,20,2019-06-03,False,"EWY, IWM, QQQ, SPY","IWM, QQQ, SPY, TLT",EWY,TLT,1,0.9882528303016098,-1.174716969839018,False
2019-06,0.01582516234006936,0.00047356189820795897,0.016298724238277315,0.2522942560812104,0.015576738149355285,0.0005045885121624208,3.1153476298710574e-05,22,2019-07-01,False,"DBC, IWM, QQQ, SPY","IWM, QQQ, SPY, TLT",DBC,TLT,1,1.0164322730158657,1.6432273015865695,True
2019-07,0.0,0.000489180362755941,0.000489180362755941,0.25,0.005472309516788523,0.0005,1.0944619033577047e-05,22,2019-08-01,True,"IWM, QQQ, SPY, TLT","IWM, QQQ, SPY, TLT",,,0,1.0004893000309818,0.04893000309817985,True
2019-08,0.004209078893728075,0.0005001474009216838,0.004709226294649758,0.2723470606894935,0.022347060689493492,0.000544694121378987,4.469412137898698e-05,20,2019-09-03,False,"GLD, IWM, QQQ, SPY","IWM, QQQ, SPY, TLT",GLD,TLT,1,1.0047203321272462,0.47203321272462073,True
2019-09,0.0,-0.00047946035390040786,-0.00047946035390040786,0.010332237134350136,0.25,2.066447426870027e-05,0.0005,23,2019-10-01,True,"GLD, IWM, QQQ, SPY","GLD, IWM, QQQ, SPY",,,0,0.9995206545688473,-0.0479345431152689,False
2019-10,0.004752723456306196,-0.00048717890137544163,0.004265544554930752,0.007459332507805047,0.2509858238652373,1.4918665015610095e-05,0.0005019716477304747,20,2019-11-01,False,"GLD, IWM, QQQ, SPY","IWM, QQQ, SPY, TLT",GLD,TLT,1,1.004274654939083,0.4274654939083078,True
2019-11,-0.008019948884189838,-0.0004811710276825278,-0.008501119911872367,0.009476917186790834,0.25,1.895383437358167e-05,0.0005,21,2019-12-02,False,"GLD, IWM, QQQ, SPY","IWM, QQQ, SPY, VNQ",GLD,VNQ,1,0.9915349124306246,-0.8465087569375362,False
2019-12,-0.00045711623798041796,7.21456986195934e-06,-0.0004499016681184581,0.2541942605703947,0.25058879653574595,0.0005083885211407894,0.0005011775930714919,21,2020-01-02,False,"GLD, IWM, SPY, TLT","IWM, QQQ, SPY, TLT",GLD,QQQ,1,0.9995501995224612,-0.0449800477538842,False
2020-01,0.010768110542566545,-0.0004808753412138647,0.010287235201352683,0.014471111612580786,0.2548440240836192,2.8942223225161573e-05,0.0005096880481672384,19,2020-02-03,False,"GLD, IWM, SPY, TLT","GLD, QQQ, SPY, TLT",IWM,QQQ,1,1.0103403307178966,1.034033071789664,True
2020-02,0.0,1.6382185107823282e-05,1.6382185107823282e-05,0.2643853407585998,0.25619851235539426,0.0005287706815171997,0.0005123970247107885,22,2020-03-02,True,"GLD, IWM, QQQ, TLT","GLD, IWM, QQQ, TLT",,,0,1.0000163823192965,0.0016382319296459613,True
2020-03,0.021451913184977953,-3.6391075855132706e-05,0.021415522109122818,0.5553129199085169,0.573487918695606,0.001110625839817034,0.001146975837391212,21,2020-04-01,False,"EWY, GLD, IWM, VNQ","EWY, IWM, QQQ, VNQ",GLD,QQQ,1,1.0216464801519167,2.1646480151916725,True
2020-04,0.017494202069006523,1.5293565663555917e-05,0.01750949563467008,0.2630851149461445,0.2554422971810283,0.000526170229892289,0.0005108845943620566,20,2020-05-01,False,"GLD, IWM, SPY, VNQ","IWM, QQQ, SPY, VNQ",GLD,QQQ,1,1.0176636854674563,1.7663685467456336,True
2020-05,0.0,0.00048571814444647307,0.00048571814444647307,0.25000000000000006,0.007203396728489686,0.0005000000000000001,1.4406793456979372e-05,22,2020-06-01,True,"IWM, QQQ, SPY, VNQ","IWM, QQQ, SPY, VNQ",,,0,1.0004858361246054,0.04858361246053988,True
2020-06,0.0,0.0,0.0,0.00946906928489652,0.00946906928489652,1.893813856979304e-05,1.893813856979304e-05,22,2020-07-01,True,"IWM, QQQ, SPY, VNQ","IWM, QQQ, SPY, VNQ",,,0,1.0,0.0,False
2020-07,0.0,0.0,0.0,0.01141770166706814,0.01141770166706814,2.283540333413628e-05,2.283540333413628e-05,21,2020-08-03,True,"IWM, QQQ, SPY, VNQ","IWM, QQQ, SPY, VNQ",,,0,1.0,0.0,False
2020-08,-0.01116209241835254,0.0005003785422469162,-0.010661713876105624,0.5032454507055455,0.25324545070554555,0.001006490901411091,0.0005064909014110911,21,2020-09-01,False,"EFA, GLD, IWM, SPY","GLD, IWM, QQQ, SPY",EFA,QQQ,1,0.9893949207425492,-1.06050792574508,False
2020-09,0.0,-0.0004925186124425325,-0.0004925186124425325,0.25392636013539027,0.5000000000000001,0.0005078527202707806,0.0010000000000000002,22,2020-10-01,True,"EFA, GLD, SPY, TLT","EFA, GLD, SPY, TLT",,,0,0.9995076026549397,-0.049239734506034694,False
2020-10,0.0,0.0,0.0,0.2520939891697131,0.2520939891697131,0.0005041879783394262,0.0005041879783394262,20,2020-11-02,True,"EFA, GLD, IWM, SPY","EFA, GLD, IWM, SPY",,,0,1.0,0.0,False
2020-11,-5.881281405874499e-05,6.445274410343143e-05,5.639930044686221e-06,0.28220922086820444,0.24999999999999994,0.0005644184417364089,0.0004999999999999999,22,2020-12-01,False,"GLD, IWM, SPY, VNQ","EFA, IWM, QQQ, SPY","GLD, VNQ","EFA, QQQ",2,1.0000056399459492,0.0005639945949154068,True
2020-12,-0.0011123908424506145,1.9349621790050757e-05,-0.0010930412206605626,0.2670356936303171,0.2573659562223888,0.0005340713872606342,0.0005147319124447775,19,2021-01-04,False,"IWM, QQQ, SPY, VNQ","EEM, IWM, QQQ, SPY",VNQ,EEM,1,0.9989075559313041,-0.1092444068695908,False
2021-01,0.0,1.0915127270770975e-06,1.0915127270770975e-06,0.25991179531556563,0.25936632235136425,0.0005198235906311312,0.0005187326447027285,19,2021-02-01,True,"EWY, IWM, QQQ, SPY","EWY, IWM, QQQ, SPY",,,0,1.0000010915133228,0.00010915133228373008,True
2021-02,-0.01175162808502725,0.0,-0.01175162808502725,0.2550740971635114,0.2550740971635114,0.0005101481943270229,0.0005101481943270229,23,2021-03-01,False,"IWM, QQQ, SPY, VNQ","DBC, IWM, QQQ, SPY",VNQ,DBC,1,0.9883171526042921,-1.1682847395707907,False
2021-03,0.0,1.15331439934878e-05,1.15331439934878e-05,0.2624267719560823,0.25666319332905996,0.0005248535439121647,0.00051332638665812,21,2021-04-01,True,"GLD, IWM, QQQ, SPY","GLD, IWM, QQQ, SPY",,,0,1.0000115332105004,0.0011533210500402902,True
2021-04,0.001053651575451249,0.0005003752919012357,0.0015540268673524848,0.5,0.24999999999999997,0.001,0.0004999999999999999,20,2021-05-03,False,"DBC, GLD, QQQ, TLT","DBC, GLD, QQQ, SPY",TLT,SPY,1,1.0015552349928434,0.15552349928433795,True
2021-05,-0.006998867460914623,-0.0004887014847199188,-0.007487568945634541,0.014193349855108853,0.2584774600384039,2.8386699710217707e-05,0.0005169549200768077,22,2021-06-01,False,"DBC, GLD, QQQ, TLT","DBC, GLD, IWM, QQQ",TLT,IWM,1,0.9925403930660357,-0.7459606933964302,False
2021-06,-0.02370313720690066,0.0,-0.02370313720690066,0.25,0.25,0.0005,0.0005,21,2021-07-01,False,"DBC, QQQ, SPY, TLT","DBC, IWM, QQQ, SPY",TLT,IWM,1,0.9765755756836464,-2.342442431635361,False
2021-07,0.010550738220304773,0.00048784474757309937,0.011038582967877872,0.25586468400971124,0.012007655116338209,0.0005117293680194225,2.4015310232676418e-05,22,2021-08-02,False,"DBC, IWM, QQQ, TLT","DBC, IWM, QQQ, SPY",TLT,SPY,1,1.0110997329206612,1.1099732920661243,True
2021-08,-0.016953438732307903,1.2230318652048768e-05,-0.016941208413655855,0.25611206437003775,0.25,0.0005122241287400755,0.0005,21,2021-09-01,False,"GLD, IWM, QQQ, TLT","EWY, IWM, QQQ, SPY","GLD, TLT","EWY, SPY",2,0.9832014869108606,-1.6798513089139377,False
2021-09,0.0,0.0005087458715567672,0.0005087458715567672,0.5055021872951679,0.25132177253161087,0.001011004374590336,0.0005026435450632218,21,2021-10-01,True,"DBC, IWM, QQQ, SPY","DBC, IWM, QQQ, SPY",,,0,1.0005088753046862,0.05088753046862404,True
2021-10,0.01579447861607856,-0.0004963391247466915,0.01529813949133187,0.003725511527231065,0.25183164729884516,7.4510230544621305e-06,0.0005036632945976903,21,2021-11-01,False,"DBC, IWM, QQQ, SPY","IWM, QQQ, SPY, VNQ",DBC,VNQ,1,1.0154157550281886,1.5415755028188594,True
2021-11,0.037807599034896,0.0004905232462574729,0.03829812228115347,0.25934698471811723,0.014152445419958443,0.0005186939694362345,2.8304890839916885e-05,22,2021-12-01,False,"IWM, QQQ, SPY, TLT","IWM, QQQ, SPY, VNQ",TLT,VNQ,1,1.0390409479673393,3.9040947967339257,True
2021-12,-0.009988385171537387,2.3845108058638846e-05,-0.009964540063478747,0.5193346817889859,0.5074243693504932,0.0010386693635779719,0.0010148487387009863,20,2022-01-03,False,"GLD, IEF, QQQ, TLT","GLD, QQQ, SPY, TLT",IEF,SPY,1,0.9900849414758809,-0.9915058524119114,False
2022-01,0.0,0.0004990530076520463,0.0004990530076520463,0.7654453220083944,0.5162386374719484,0.001530890644016789,0.0010324772749438968,19,2022-02-01,True,"DBC, QQQ, SPY, VNQ","DBC, QQQ, SPY, VNQ",,,0,1.000499177555322,0.04991775553220279,True
2022-02,0.0033071170002226665,0.0004807778303768498,0.003787894830599517,0.26956365419010253,0.02924657429740507,0.0005391273083802051,5.849314859481014e-05,23,2022-03-01,False,"DBC, IWM, QQQ, VNQ","DBC, QQQ, SPY, VNQ",IWM,SPY,1,1.0037950779710199,0.37950779710198557,True
2022-03,0.0,-3.292206398693609e-06,-3.292206398693609e-06,0.251682597635679,0.25332786953567865,0.0005033651952713581,0.0005066557390713573,20,2022-04-01,True,"DBC, GLD, QQQ, VNQ","DBC, GLD, QQQ, VNQ",,,0,0.9999967077990206,-0.00032922009793878715,False
2022-04,0.0015123685212171524,0.0005003955866331566,0.002012764107850305,0.5202634781036505,0.2702634781036505,0.001040526956207301,0.000540526956207301,21,2022-05-02,False,"DBC, IWM, QQQ, SPY","DBC, GLD, QQQ, SPY",IWM,GLD,1,1.0020147910772361,0.20147910772361222,True
2022-05,-0.0023935408050894235,-1.4141615579169845e-05,-0.0024076824206685932,0.2527836880608755,0.25985087110990845,0.000505567376121751,0.0005197017422198169,21,2022-06-01,False,"DBC, IWM, SPY, VNQ","DBC, QQQ, SPY, VNQ",IWM,QQQ,1,0.997595213721854,-0.24047862781459983,False
2022-06,-0.014632037623084517,0.0004956568137002535,-0.01413638080938426,0.5002237315910685,0.25258189643036677,0.001000447463182137,0.0005051637928607335,20,2022-07-01,False,"EWY, QQQ, SPY, VNQ","GLD, QQQ, SPY, VNQ",EWY,GLD,1,0.9859630686517983,-1.403693134820172,False
2022-07,0.0,7.2657458813007395e-06,7.2657458813007395e-06,0.25365405411579867,0.25002301096994484,0.0005073081082315973,0.0005000460219398897,23,2022-08-01,True,"IEF, QQQ, SPY, VNQ","IEF, QQQ, SPY, VNQ",,,0,1.000007265772277,0.0007265772276943139,True
2022-08,0.0,0.0,0.0,0.2518899133248413,0.2518899133248413,0.0005037798266496826,0.0005037798266496826,21,2022-09-01,True,"IWM, QQQ, SPY, VNQ","IWM, QQQ, SPY, VNQ",,,0,1.0,0.0,False
2022-09,0.0,0.0,0.0,0.008960170893079739,0.008960170893079739,1.792034178615948e-05,1.792034178615948e-05,21,2022-10-03,True,"IWM, QQQ, SPY, VNQ","IWM, QQQ, SPY, VNQ",,,0,1.0,0.0,False
2022-10,0.011845051677502997,-1.5948285191473197e-05,0.011829103392311524,0.2553787595523126,0.26334876574062527,0.0005107575191046252,0.0005266975314812505,21,2022-11-01,False,"DBC, IWM, SPY, VNQ","DBC, QQQ, SPY, VNQ",IWM,QQQ,1,1.011899343923448,1.1899343923448047,True
2022-11,0.00040102144205725766,2.168404344971009e-19,0.00040102144205725766,0.5,0.49999999999999994,0.001,0.0009999999999999998,21,2022-12-01,False,"EFA, EWY, SPY, VNQ","EFA, IWM, SPY, VNQ",EWY,IWM,1,1.0004011018619055,0.04011018619054507,True
2022-12,0.0,4.0814117996932665e-07,4.0814117996932665e-07,0.5084615573465247,0.5082576942390375,0.0010169231146930494,0.0010165153884780752,20,2023-01-03,True,"EWY, IWM, QQQ, SPY","EWY, IWM, QQQ, SPY",,,0,1.0000004081412632,4.081412632306325e-05,True
2023-01,0.0,0.0,0.0,0.2624162423966255,0.2624162423966255,0.0005248324847932509,0.0005248324847932509,19,2023-02-01,True,"EFA, EWY, IWM, SPY","EFA, EWY, IWM, SPY",,,0,1.0,0.0,False
2023-02,0.0,0.0,0.0,0.009736990526697492,0.009736990526697492,1.9473981053394983e-05,1.9473981053394983e-05,23,2023-03-01,True,"EFA, EWY, IWM, SPY","EFA, EWY, IWM, SPY",,,0,1.0,0.0,False
2023-03,0.005186067586209893,0.0,0.005186067586209893,0.2652822924384583,0.2652822924384583,0.0005305645848769166,0.0005305645848769166,19,2023-04-03,False,"EFA, EWY, IWM, QQQ","EFA, IWM, QQQ, SPY",EWY,SPY,1,1.00519953851169,0.5199538511690083,True
2023-04,-0.013592428690975409,0.0004935234070258823,-0.01309890528394953,0.2523343498676327,0.005636308641099444,0.0005046686997352654,1.1272617282198889e-05,22,2023-05-01,False,"EFA, EWY, QQQ, SPY","EFA, IWM, QQQ, SPY",EWY,IWM,1,0.9869865120114266,-1.301348798857338,False
2023-05,0.0,-2.7646334413607143e-06,-2.7646334413607143e-06,0.2548626668113936,0.2562442770203986,0.0005097253336227872,0.0005124885540407971,21,2023-06-01,True,"EWY, IWM, QQQ, SPY","EWY, IWM, QQQ, SPY",,,0,0.9999972353703802,-0.0002764629619789183,False
2023-06,0.0,0.0,0.0,0.007873740905516277,0.007873740905516277,1.5747481811032555e-05,1.5747481811032555e-05,20,2023-07-03,True,"EWY, IWM, QQQ, SPY","EWY, IWM, QQQ, SPY",,,0,1.0,0.0,False
2023-07,0.0,0.0,0.0,0.00414645523785355,0.00414645523785355,8.292910475707099e-06,8.292910475707099e-06,23,2023-08-01,True,"EWY, IWM, QQQ, SPY","EWY, IWM, QQQ, SPY",,,0,1.0,0.0,False
2023-08,0.0,0.0,0.0,0.009592905051183764,0.009592905051183764,1.918581010236753e-05,1.918581010236753e-05,20,2023-09-01,True,"EWY, IWM, QQQ, SPY","EWY, IWM, QQQ, SPY",,,0,1.0,0.0,False
2023-09,0.0,0.0,0.0,0.009000525194928416,0.009000525194928416,1.8001050389856834e-05,1.8001050389856834e-05,22,2023-10-02,True,"EWY, IWM, QQQ, SPY","EWY, IWM, QQQ, SPY",,,0,1.0,0.0,False
2023-10,0.0,0.0,0.0,0.2582667212783993,0.2582667212783993,0.0005165334425567986,0.0005165334425567986,21,2023-11-01,True,"EWY, IWM, QQQ, VNQ","EWY, IWM, QQQ, VNQ",,,0,1.0,0.0,False
2023-11,0.020083986619751394,0.0005003816769721558,0.020584368296723547,0.5063754151524374,0.2563754151524374,0.001012750830304875,0.0005127508303048748,20,2023-12-01,False,"GLD, IWM, QQQ, SPY","IWM, QQQ, SPY, VNQ",GLD,VNQ,1,1.0207976875724718,2.07976875724718,True
2023-12,0.0,0.0004802781101967725,0.0004802781101967725,0.2509063101570659,0.010830112810781875,0.0005018126203141318,2.166022562156375e-05,21,2024-01-02,True,"IWM, QQQ, SPY, VNQ","IWM, QQQ, SPY, VNQ",,,0,1.0004803934621946,0.04803934621946393,True
2024-01,0.010168586062394272,2.3311868506028957e-05,0.010191897930900301,0.26803206438092986,0.2563822426671273,0.0005360641287618597,0.0005127644853342545,20,2024-02-01,False,"EWY, IWM, SPY, VNQ","EWY, IWM, QQQ, SPY",VNQ,QQQ,1,1.0102440122199825,1.0244012219982501,True
2024-02,-0.01908152640822691,1.1175299197462474e-05,-0.019070351109029444,0.25720337371446766,0.25161856723450876,0.0005144067474289354,0.0005032371344690175,20,2024-03-01,False,"GLD, IWM, SPY, VNQ","IWM, QQQ, SPY, VNQ",GLD,QQQ,1,0.9811103376145235,-1.8889662385476513,False
2024-03,0.00571312598836304,0.000519914714019689,0.0062330407023827306,0.5114216057931993,0.2516626239942222,0.0010228432115863986,0.0005033252479884443,22,2024-04-01,False,"EWY, IWM, QQQ, VNQ","EWY, IWM, QQQ, SPY",VNQ,SPY,1,1.006252506523317,0.6252506523316992,True
2024-04,0.0033823202033542435,-3.6177687892452936e-06,0.0033787024345649985,0.2502786033007366,0.2520865789748187,0.0005005572066014732,0.0005041731579496373,22,2024-05-01,False,"EWY, IWM, QQQ, SPY","GLD, IWM, QQQ, SPY",EWY,GLD,1,1.0033844166834054,0.3384416683405389,True
2024-05,0.004658467479812415,-1.6871615835621764e-06,0.004656780318228854,0.2502943360241581,0.2511374938176789,0.0005005886720483162,0.0005022749876353579,19,2024-06-03,False,"GLD, IWM, QQQ, SPY","IWM, QQQ, SPY, VNQ",GLD,VNQ,1,1.0046676399701557,0.4667639970155735,True
2024-06,0.0,-0.0004888261091036371,-0.0004888261091036371,0.015116536817558424,0.25946247580862697,3.0233073635116847e-05,0.000518924951617254,22,2024-07-01,True,"GLD, IWM, QQQ, SPY","GLD, IWM, QQQ, SPY",,,0,0.9995112933469137,-0.04887066530863127,False
2024-07,0.009111477764829963,0.000468447032702922,0.009579924797532884,0.2555506604331517,0.021392014850955834,0.0005111013208663035,4.278402970191167e-05,22,2024-08-01,False,"EWY, GLD, IWM, SPY","GLD, IWM, QQQ, SPY",EWY,QQQ,1,1.0096259591615808,0.9625959161580822,True
2024-08,-0.008104515747363643,9.264647435767146e-06,-0.008095251099927876,0.26046130996960826,0.25583137788662114,0.0005209226199392165,0.0005116627557732422,20,2024-09-03,False,"EWY, GLD, IWM, QQQ","EWY, IWM, QQQ, SPY",GLD,SPY,1,0.9919374272061057,-0.8062572793894329,False
2024-09,0.0,4.031790828809383e-06,4.031790828809383e-06,0.25239383236468577,0.2503789504876312,0.0005047876647293715,0.0005007579009752624,23,2024-10-01,True,"GLD, IWM, QQQ, SPY","GLD, IWM, QQQ, SPY",,,0,1.0000040317989565,0.0004031798956471988,True
2024-10,0.0,0.0,0.0,0.2538853738717922,0.2538853738717922,0.0005077707477435844,0.0005077707477435844,20,2024-11-01,True,"IWM, QQQ, SPY, VNQ","IWM, QQQ, SPY, VNQ",,,0,1.0,0.0,False
2024-11,0.0,0.0,0.0,0.25336295182201474,0.25336295182201474,0.0005067259036440295,0.0005067259036440295,21,2024-12-02,True,"GLD, IWM, QQQ, SPY","GLD, IWM, QQQ, SPY",,,0,1.0,0.0,False
2024-12,0.0,0.0,0.0,0.014225082312565654,0.014225082312565654,2.8450164625131307e-05,2.8450164625131307e-05,20,2025-01-02,True,"GLD, IWM, QQQ, SPY","GLD, IWM, QQQ, SPY",,,0,1.0,0.0,False
2025-01,0.0,0.0,0.0,0.007752384518471947,0.007752384518471947,1.5504769036943894e-05,1.5504769036943894e-05,19,2025-02-03,True,"GLD, IWM, QQQ, SPY","GLD, IWM, QQQ, SPY",,,0,1.0,0.0,False
2025-02,0.0,0.0,0.0,0.014201543591400662,0.014201543591400662,2.8403087182801325e-05,2.8403087182801325e-05,21,2025-03-03,True,"GLD, IWM, QQQ, SPY","GLD, IWM, QQQ, SPY",,,0,1.0,0.0,False
2025-03,0.015353797665408571,0.0005001478436937987,0.015853945509102373,0.27278957145857374,0.02278957145857373,0.0005455791429171475,4.557914291714746e-05,21,2025-04-01,False,"IWM, QQQ, SPY, TLT","GLD, IWM, QQQ, SPY",TLT,GLD,1,1.0159802860857188,1.5980286085718776,True
2025-04,0.0,0.0004864435041975313,0.0004864435041975313,0.2524702277422711,0.009312151607299035,0.0005049404554845423,1.862430321459807e-05,21,2025-05-01,True,"GLD, IWM, QQQ, SPY","GLD, IWM, QQQ, SPY",,,0,1.0004865618370256,0.048656183702555644,True
2025-05,0.0,0.0,0.0,0.005959794155966716,0.005959794155966716,1.1919588311933433e-05,1.1919588311933433e-05,20,2025-06-02,True,"GLD, IWM, QQQ, SPY","GLD, IWM, QQQ, SPY",,,0,1.0,0.0,False
2025-06,0.0,0.0,0.0,0.011721214475287373,0.011721214475287373,2.3442428950574747e-05,2.3442428950574747e-05,22,2025-07-01,True,"GLD, IWM, QQQ, SPY","GLD, IWM, QQQ, SPY",,,0,1.0,0.0,False
2025-07,0.0,0.0,0.0,0.25,0.25,0.0005,0.0005,21,2025-08-01,True,"EWY, GLD, QQQ, SPY","EWY, GLD, QQQ, SPY",,,0,1.0,0.0,False
2025-08,-0.0028770479783977376,0.0004955750712467468,-0.0023814729071509905,0.2532381867749268,0.005514771979500538,0.0005064763735498537,1.1029543959001077e-05,21,2025-09-02,False,"EEM, EWY, GLD, SPY","EWY, GLD, QQQ, SPY",EEM,QQQ,1,0.9976213605497395,-0.23786394502605113,False
2025-09,0.005728145415699408,0.0004974352566298751,0.0062255806723292804,0.512034216989762,0.26350948518970313,0.0010240684339795241,0.0005270189703794063,23,2025-10-01,False,"EEM, IWM, QQQ, SPY","EEM, GLD, QQQ, SPY",IWM,GLD,1,1.0062449998773768,0.6244999877376811,True
2025-10,0.0,-0.0004952248847945132,-0.0004952248847945132,0.005751938887226776,0.2533002316845993,1.1503877774453552e-05,0.0005066004633691987,19,2025-11-03,True,"EEM, IWM, QQQ, SPY","EEM, IWM, QQQ, SPY",,,0,0.9995048977188091,-0.04951022811908734,False
2025-11,0.0,0.0,0.0,0.25562910594254873,0.25562910594254873,0.0005112582118850975,0.0005112582118850975,22,2025-12-01,True,"EEM, EWY, QQQ, SPY","EEM, EWY, QQQ, SPY",,,0,1.0,0.0,False
2025-12,4.588816830126963e-05,0.0005001042451907805,0.00054599241349205,0.5240513172023801,0.2741988039515778,0.0010481026344047603,0.0005483976079031556,20,2026-01-02,False,"GLD, IWM, QQQ, SPY","EEM, GLD, QQQ, SPY",IWM,EEM,1,1.000546141494481,0.05461414944809562,True
2026-01,0.026512527644928483,0.0010004763483450778,0.02751300399327356,0.5104607069513851,0.010483170497445016,0.0010209214139027703,2.096634099489003e-05,19,2026-02-02,False,"EEM, QQQ, SPY, TLT","EEM, GLD, QQQ, SPY",TLT,GLD,1,1.0278949817597713,2.7894981759771342,True
2026-02,-0.004603579646338269,0.00047497766168237904,-0.004128601984655891,0.5146315523589758,0.277330808194193,0.0010292631047179516,0.000554661616388386,22,2026-03-02,False,"EWY, IWM, QQQ, SPY","EEM, EWY, QQQ, SPY",IWM,EEM,1,0.9958799089757,-0.4120091024299999,False
2026-03,0.0,-0.0004982724561366103,-0.0004982724561366103,0.27018263963581285,0.5191222181185958,0.0005403652792716257,0.0010382444362371916,21,2026-04-01,True,"EWY, GLD, IWM, QQQ","EWY, GLD, IWM, QQQ",,,0,0.999501851660968,-0.04981483390319452,False
2026-04,0.0,0.0,0.0,0.2862950422434579,0.2862950422434579,0.0005725900844869158,0.0005725900844869158,20,2026-05-01,True,"DBC, EWY, GLD, QQQ","DBC, EWY, GLD, QQQ",,,0,1.0,0.0,False
2026-05,0.0,0.0,0.0,0.27835399788862686,0.27835399788862686,0.0005567079957772538,0.0005567079957772538,21,2026-06-01,True,"EWY, GLD, QQQ, SPY","EWY, GLD, QQQ, SPY",,,0,1.0,0.0,False
2026-06,0.012673264496629099,0.0005001527361576572,0.013173417232786758,0.27767909538888397,0.02767909538888398,0.000555358190777768,5.535819077776797e-05,22,2026-07-01,False,"EEM, EWY, GLD, QQQ","EWY, GLD, QQQ, SPY",EEM,SPY,1,1.013260568968488,1.326056896848793,True
